DATE,PLAYER,PLAYER ROLE,OPP,PREDICTION,BOOK LINE,ACTUAL,OVER/UNDER,DIFFERENCE,% ERROR,NOTES,TYPE,TIER,HIT/MISS,# TRAINED ON,R2 GROUP
7/20/2026,A'ja Wilson,Engine,TOR,7.28,10.5,6,UNDER,-1.28,,,REB,LOCK,Hit,,
7/20/2026,Azzi Fudd,Specialist,NYL,2.04,2.5,2,UNDER,-0.04,,,AST,LOCK,Hit,,
7/20/2026,Azzi Fudd,Specialist,NYL,1.72,2.5,3,UNDER,1.28,,,FG3M,LOCK,Miss,,
7/20/2026,Chelsea Gray,Creator,TOR,4.03,3.5,4,OVER,-0.03,,,REB,LOCK,Hit,,
7/20/2026,Courtney Williams,Connector,SEA,4.53,5.5,4,UNDER,-0.53,,,REB,LOCK,Hit,,
7/20/2026,Jackie Young,Secondary Scorer,TOR,5.79,6.5,12,UNDER,6.21,,,AST,LOCK,Miss,,
7/20/2026,Jessica Shepard,Secondary Scorer,NYL,3.62,6.5,6,UNDER,2.38,,,AST,LOCK,Hit,,
7/20/2026,Olivia Miles,Engine,SEA,5,4.5,8,OVER,3,,,REB,LOCK,Hit,,
7/20/2026,Awa Fam,Rebounding/Defense,MIN,2.2,2.5,4,UNDER,1.8,,,AST,STRONG,Miss,,
7/20/2026,Breanna Stewart,Engine,DAL,2.4,3.5,8,UNDER,5.6,,,AST,STRONG,Miss,,
7/20/2026,Chelsea Gray,Creator,TOR,12.29,11.5,14,OVER,1.71,,,PTS,STRONG,Hit,,
7/20/2026,Chelsea Gray,Creator,TOR,1.77,1.5,3,OVER,1.23,,,FG3M,STRONG,Hit,,
7/20/2026,Dominique Malonga,Engine,MIN,8.05,9.5,9,UNDER,0.95,,,REB,STRONG,Hit,,
7/20/2026,Isabelle Harrison,Rebounding/Defense,LV,14.96,12.5,26,OVER,11.04,,,PTS,STRONG,Hit,,
7/20/2026,Jackie Young,Secondary Scorer,TOR,1.51,1.5,4,UNDER,2.49,,,FG3M,STRONG,Miss,,
7/20/2026,Jewell Loyd,Bench,TOR,2.63,2.5,1,OVER,-1.63,,,REB,STRONG,Miss,,
7/20/2026,Kayla Thornton,Connector,WAS,2.98,1.5,4,OVER,1.02,,,FG3M,STRONG,Hit,,
7/20/2026,Natasha Howard,Rebounding/Defense,SEA,8.18,7.5,12,OVER,3.82,,,REB,STRONG,Hit,,
7/20/2026,Shakira Austin,Secondary Scorer,GSV,7.91,9.5,15,UNDER,7.09,,,REB,STRONG,Miss,,
7/20/2026,Veronica Burton,Connector,WAS,0.89,1.5,2,UNDER,1.11,,,FG3M,STRONG,Miss,,
7/20/2026,Awa Fam,Rebounding/Defense,MIN,5.04,5.5,11,UNDER,5.96,,,REB,LEAN,Miss,,
7/20/2026,Breanna Stewart,Engine,DAL,8.03,7.5,13,OVER,4.97,,,REB,LEAN,Hit,,
7/20/2026,Courtney Williams,Connector,SEA,4.17,4.5,8,OVER,3.83,,,AST,LEAN,Hit,,
7/20/2026,Dominique Malonga,Engine,MIN,1.38,1.5,1,UNDER,-0.38,,,AST,LEAN,Hit,,
7/20/2026,Gabby Williams,Engine,WAS,2.77,2.5,2,OVER,-0.77,,,AST,LEAN,Miss,,
7/20/2026,Gabby Williams,Engine,WAS,3.43,2.5,0,OVER,-3.43,,,REB,LEAN,Miss,,
7/20/2026,Gabby Williams,Engine,WAS,1.37,1.5,0,UNDER,-1.37,,,FG3M,LEAN,Hit,,
7/20/2026,Jessica Shepard,Secondary Scorer,NYL,10.62,12.5,16,UNDER,5.38,,,REB,LEAN,Miss,,
7/20/2026,Jonquel Jones,Secondary Scorer,NYL,9.09,8.5,10,OVER,0.91,,,REB,LEAN,Hit,,
7/20/2026,Jonquel Jones,Secondary Scorer,NYL,2.34,2.5,2,UNDER,-0.34,,,AST,LEAN,Hit,,
7/20/2026,Jonquel Jones,Secondary Scorer,NYL,2.56,1.5,1,OVER,-1.56,,,FG3M,LEAN,Miss,,
7/20/2026,Kayla Thornton,Connector,WAS,12.89,7.5,15,OVER,2.11,,,PTS,LEAN,Hit,,
7/20/2026,Kayla Thornton,Connector,WAS,5.05,4.5,3,OVER,-2.05,,,REB,LEAN,Miss,,
7/20/2026,Kiki Iriafen,Secondary Scorer,GSV,17.6,12.5,23,OVER,5.4,,,PTS,LEAN,Hit,,
7/20/2026,Marina Mabrey,Engine,LV,3.17,3.5,2,UNDER,-1.17,,,REB,LEAN,Hit,,
7/20/2026,Marina Mabrey,Engine,LV,4.02,3.5,5,OVER,0.98,,,REB,LEAN,Hit,,
7/20/2026,Olivia Miles,Engine,SEA,0.66,1.5,1,UNDER,0.34,,,FG3M,LEAN,Hit,,
7/20/2026,Sabrina Ionescu,Secondary Scorer,DAL,3.82,3.5,4,OVER,0.18,,,REB,LEAN,Hit,,
7/20/2026,Sabrina Ionescu,Secondary Scorer,DAL,4.84,4.5,2,OVER,-2.84,,,AST,LEAN,Miss,,
7/20/2026,Sabrina Ionescu,Secondary Scorer,DAL,2.21,2.5,2,UNDER,-0.21,,,FG3M,LEAN,Hit,,
7/20/2026,"Sonia Citron",Engine,GSV,16.59,14.5,17,OVER,0.41,,,PTS,LEAN,Hit,,
7/20/2026,Sonia Citron,Engine,GSV,3.7,3.5,2,OVER,-1.7,,,REB,LEAN,Miss,,
7/20/2026,Sonia Citron,Engine,GSV,1.24,1.5,0,UNDER,-1.24,,,REB,LEAN,Hit,,
7/20/2026,Veronica Burton,Connector,WAS,3.89,3.5,2,OVER,-1.89,,,REB,LEAN,Miss,,
7/22/2026,Alyssa Thomas,Engine,LA,16.41,14.5,19,OVER,2.59,,,PTS,LOCK,Hit,,
7/22/2026,Bridget Carleton,Engine,DAL,4.11,3.5,5,OVER,0.89,,,REB,LOCK,Hit,,
7/22/2026,Dearica Hamby,Secondary Scorer,PHX,0.55,0.5,0,OVER,-0.55,,,FG3M,LOCK,Miss,,
7/22/2026,Jonquel Jones,Secondary Scorer,CHI,16.57,14.5,14,OVER,-2.57,,,PTS,LOCK,Miss,,
7/22/2026,Kahleah Copper,Secondary Scorer,LA,4.65,3.5,2,OVER,-2.65,,,REB,LOCK,Miss,,
7/22/2026,Kahleah Copper,Secondary Scorer,LA,2.06,1.5,1,OVER,-1.06,,,FG3M,LOCK,Miss,,
7/22/2026,Kayla Mcbride,Specialist,SEA,3.4,2.5,3,OVER,-0.4,,,REB,LOCK,Hit,,
7/22/2026,Nneka Ogwumike,Engine,CON,1.21,1.5,1,UNDER,-0.21,,,FG3M,LOCK,Hit,,
7/22/2026,Sabrina Ionescu,Secondary Scorer,CHI,3.88,3.5,4,OVER,0.12,,,REB,LOCK,Hit,,
7/22/2026,"Sonia Citron",Engine,LV,1.29,1.5,1,UNDER,-0.29,,,FG3M,LOCK,Hit,,
7/22/2026,Aliyah Boston,Secondary Scorer,CON,1.05,1.5,0,UNDER,-1.05,,,FG3M,STRONG,Hit,,
7/22/2026,Alyssa Thomas,Engine,LA,6.95,7.5,11,UNDER,4.05,,,REB,STRONG,Miss,,
7/22/2026,"Alyssa Thomas",Engine,LA,9.08,7.5,15,OVER,5.92,,,AST,STRONG,Hit,,
7/22/2026,Arike Ogunbowale,Secondary Scorer,POR,3.67,2.5,3,OVER,-0.67,,,REB,STRONG,Hit,,
7/22/2026,Arike Ogunbowale,Secondary Scorer,POR,1.97,1.5,3,OVER,1.03,,,FG3M,STRONG,Hit,,
7/22/2026,Caitlin Clark,Engine,CON,2.15,2.5,5,UNDER,2.85,,,FG3M,STRONG,Miss,,
7/22/2026,Dearica Hamby,Secondary Scorer,PHX,8.5,7.5,10,OVER,1.5,,,REB,STRONG,Hit,,
7/22/2026,Jonquel Jones,Secondary Scorer,CHI,8.8,9.5,10,UNDER,1.2,,,REB,STRONG,Miss,,
7/22/2026,Kelsey Mitchell,Engine,CON,2.85,2.5,3,OVER,0.15,,,FG3M,STRONG,Hit,,
7/22/2026,Olivia Miles,Engine,SEA,4.86,4.5,3,OVER,-1.86,,,REB,STRONG,Miss,,
7/22/2026,Olivia Miles,Engine,SEA,4.41,6.5,6,UNDER,1.59,,,AST,STRONG,Hit,,
7/22/2026,Sonia Citron,Engine,LV,18.16,15.5,20,OVER,1.84,,,PTS,STRONG,Hit,,
7/22/2026,Sonia Citron,Engine,LV,4.01,3.5,4,OVER,-0.01,,,REB,STRONG,Hit,,
7/22/2026,Aliyah Boston,Secondary Scorer,CON,19.37,14.5,22,OVER,2.63,,,PTS,LEAN,Hit,,
7/22/2026,Aliyah Boston,Secondary Scorer,CON,8.94,7.5,6,OVER,-2.94,,,REB,LEAN,Miss,,
7/22/2026,Aliyah Boston,Secondary Scorer,CON,2.93,2.5,5,OVER,2.07,,,AST,LEAN,Hit,,
7/22/2026,Breanna Stewart,Engine,CHI,0.43,0.5,2,UNDER,1.57,,,FG3M,LEAN,Miss,,
7/22/2026,Carla Leite,Creator,DAL,5.98,5.5,11,OVER,5.02,,,AST,LEAN,Hit,,
7/22/2026,Dearica Hamby,Secondary Scorer,PHX,15.29,14.5,18,OVER,2.71,,,PTS,LEAN,Hit,,
7/22/2026,Jessica Shepard,Secondary Scorer,POR,11.57,12.5,15,UNDER,3.43,,,REB,LEAN,Miss,,
7/22/2026,Jonquel Jones,Secondary Scorer,CHI,2.19,1.5,2,OVER,-0.19,,,FG3M,LEAN,Hit,,
7/22/2026,KIki Iriafen,Secondary Scorer,LV,9.01,9.5,10,UNDER,0.99,,,REB,LEAN,Miss,,
7/22/2026,Nneka Ogwumike,Engine,CON,8.93,9.5,13,UNDER,4.07,,,REB,LEAN,Miss,,
7/22/2026,Shakira Austin,Secondary Scorer,LV,8.76,9.5,6,UNDER,-2.76,,,REB,LEAN,Hit,,
7/22/2026,Shakira Austin,Secondary Scorer,LV,2.17,2.5,3,UNDER,0.83,,,AST,LEAN,Miss,,
7/22/2026,Sonia Citron,Engine,LV,3.97,3.5,8,OVER,4.03,,,AST,LEAN,Hit,,
7/28/2026,A'ja Wilson,Engine,POR,30.82,27.5,28,OVER,-2.82,,,PTS,LOCK,Hit,,
7/28/2026,A'ja Wilson,Engine,POR,2.89,3.5,4,UNDER,1.11,,,AST,LOCK,Miss,,
7/28/2026,Aliyah Boston,Secondary Scorer,SEA,10.04,8.5,2,OVER,-8.04,,,REB,LOCK,Miss,,
7/28/2026,Breanna Stewart,Engine,LA,24.21,21.5,29,OVER,4.79,,,PTS,LOCK,Hit,,
7/28/2026,Bridget Carleton,Specialist,LV,1.68,2.5,3,UNDER,1.32,,,FG3M,LOCK,Miss,,
7/28/2026,Carla Leite,Creator,LV,0.89,0.5,1,OVER,0.11,,,FG3M,LOCK,Hit,,
7/28/2026,Chelsea Gray,Creator,POR,15.36,11.5,17,OVER,1.64,,,PTS,LOCK,Hit,,
7/28/2026,Chelsea Gray,Creator,POR,4.13,3.5,1,OVER,-3.13,,,REB,LOCK,Miss,,
7/28/2026,Courtney Williams,Creator,TOR,19.44,13.5,5,OVER,-14.44,,,PTS,LOCK,Miss,,
7/28/2026,Jonquel Jones,Secondary Scorer,LA,16.48,14.5,9,OVER,-7.48,,,PTS,LOCK,Miss,,
7/28/2026,Jonquel Jones,Secondary Scorer,LA,2.36,1.5,1,OVER,-1.36,,,FG3M,LOCK,Miss,,
7/28/2026,Kayla McBride,Specialist,TOR,3.69,2.5,1,OVER,-2.69,,,REB,LOCK,Miss,,
7/28/2026,Marina Mabrey,Engine,MIN,3.69,2.5,3,OVER,-0.69,,,FG3M,LOCK,Hit,,
7/28/2026,Natasha Howard,Rebounding/Defense,TOR,14.85,12.5,13,OVER,-1.85,,,PTS,LOCK,Hit,,
7/28/2026,Sabrina Ionescu,Secondary Scorer,LA,3.48,5.5,6,UNDER,2.52,,,AST,LOCK,Miss,,
7/28/2026,A'ja Wilson,Engine,POR,1.15,0.5,1,OVER,-0.15,,,FG3M,STRONG,Hit,,
7/28/2026,Awa Fam,Connector,IND,13.7,12.5,11,OVER,-2.7,,,PTS,STRONG,Miss,,
7/28/2026,Carla Leite,Creator,LV,17.88,15.5,11,OVER,-6.88,,,PTS,STRONG,Miss,,
7/28/2026,Chelsea Gray,Creator,POR,6.86,6.5,7,OVER,0.14,,,AST,STRONG,Hit,,
7/28/2026,Chelsea Gray,Creator,POR,2.66,1.5,2,OVER,-0.66,,,FG3M,STRONG,Hit,,
7/28/2026,Courtney Williams,Creator,TOR,2.22,1.5,1,OVER,-1.22,,,FG3M,STRONG,Miss,,
7/28/2026,Jonquel Jones,Secondary Scorer,LA,9.98,9.5,5,OVER,-4.98,,,REB,STRONG,Miss,,
7/28/2026,Kayla McBride,Specialist,TOR,2.7,2.5,4,OVER,1.3,,,AST,STRONG,Hit,,
7/28/2026,Kelsey Mitchell,Secondary Scorer,SEA,3.38,2.5,2,OVER,-1.38,,,AST,STRONG,Miss,,
7/28/2026,Kiki Iriafen,Secondary Scorer,CON,18.45,13.5,20,OVER,1.55,,,PTS,STRONG,Hit,,
7/28/2026,Marina Mabrey,Secondary Scorer,MIN,3.06,3.5,8,UNDER,4.94,,,REB,STRONG,Miss,,
7/28/2026,Olivia Miles,Engine,TOR,4.87,4.5,6,OVER,1.13,,,REB,STRONG,Hit,,
7/28/2026,Aneesah Morrow,Connector,WAS,12.62,9.5,21,OVER,8.38,,,PTS,LEAN,Hit,,
7/28/2026,Awa Fam,Connector,IND,2.36,1.5,1,OVER,-1.36,,,FG3M,LEAN,Miss,,
7/28/2026,Kelsey Mitchell,Secondary Scorer,SEA,23.62,21.5,28,OVER,4.38,,,PTS,LEAN,Hit,,
7/28/2026,Marina Mabrey,Engine,MIN,3.26,3.5,6,UNDER,2.74,,,AST,LEAN,Miss,,
7/28/2026,Nneka Ogwumike,Engine,NYL,9.36,8.5,4,OVER,-5.36,,,REB,LEAN,Miss,,
7/28/2026,Sonia Citron,Engine,CON,5.56,3.5,3,OVER,-2.56,,,REB,LEAN,Miss,,
7/28/2026,Sonia Citron,Engine,CON,3.81,3.5,4,OVER,0.19,,,AST,LEAN,Hit,,
7/30/2026,A'ja Wilson,Engine,NYL,1.2,0.5,1,OVER,-0.2,,,FG3M,LOCK,Hit,,
7/30/2026,Breanna Stewart,Engine,LV,0.7,0.5,1,OVER,0.3,,,FG3M,LOCK,Hit,,
7/30/2026,Chelsea Gray,Creator,NYL,7.3,6.5,4,OVER,-3.3,,,AST,LOCK,Miss,,
7/30/2026,Chelsea Gray,Creator,NYL,1,1.5,4,UNDER,3,,,FG3M,LOCK,Miss,,
7/30/2026,Courtney Williams,Creator,TOR,15,11.5,16,OVER,1,,,PTS,LOCK,Hit,,
7/30/2026,Courtney Williams,Creator,TOR,7.6,4.5,3,OVER,-4.6,,,REB,LOCK,Miss,,
7/30/2026,Jackie Young,Secondary Scorer,NYL,2.9,1.5,3,OVER,0.1,,,FG3M,LOCK,Hit,,
7/30/2026,Jewell Loyd,Bench,NYL,2.4,1.5,2,OVER,-0.4,,,FG3M,LOCK,Hit,,
7/30/2026,Kayla McBride,Specialist,TOR,21.1,18.5,13,OVER,-8.1,,,PTS,LOCK,Miss,,
7/30/2026,Kayla McBride,Specialist,TOR,3.9,2.5,0,OVER,-3.9,,,REB,LOCK,Miss,,
7/30/2026,Marina Mabrey,Engine,MIN,3.6,2.5,2,OVER,-1.6,,,FG3M,LOCK,Miss,,
7/30/2026,Natasha Howard,Rebounding/Defense,TOR,7.5,6.5,8,OVER,0.5,,,REB,LOCK,Hit,,
7/30/2026,Natasha Howard,Rebounding/Defense,TOR,2.9,2.5,4,OVER,1.1,,,AST,LOCK,Hit,,
7/30/2026,A'ja Wilson,Engine,NYL,30.2,25.5,33,OVER,2.8,,,PTS,STRONG,Hit,,
7/30/2026,Breanna Stewart,Engine,LV,8.3,7.5,11,OVER,2.7,,,REB,STRONG,Hit,,
7/30/2026,Courtney Williams,Creator,TOR,1.6,0.5,1,OVER,-0.6,,,FG3M,STRONG,Hit,,
7/30/2026,Jackie Young,Secondary Scorer,NYL,20.8,17.5,29,OVER,8.2,,,PTS,STRONG,Hit,,
7/30/2026,Jewell Loyd,Bench,NYL,11.1,9.5,6,OVER,-5.1,,,PTS,STRONG,Miss,,
7/30/2026,Jonquel Jones,Secondary Scorer,LV,1.6,1.5,0,OVER,-1.6,,,FG3M,STRONG,Miss,,
7/30/2026,Marina Mabrey,Engine,MIN,3.1,3.5,3,UNDER,-0.1,,,REB,STRONG,Hit,,
7/30/2026,Natasha Cloud,Specialist,CON,3.8,6.5,5,UNDER,1.2,,,AST,STRONG,Hit,,
7/30/2026,Olivia Miles,Engine,TOR,4.8,4.5,3,OVER,-1.8,,,REB,STRONG,Miss,,
7/30/2026,Olivia Miles,Engine,TOR,2.1,1.5,0,OVER,-2.1,,,FG3M,STRONG,Miss,,
7/30/2026,Pauline Astier,Creator,LV,12.6,8.5,19,OVER,6.4,,,PTS,STRONG,Hit,,
7/30/2026,Sabrina Ionescu,Secondary Scorer,LV,5.4,3.5,4,OVER,-1.4,,,REB,STRONG,Hit,,
7/30/2026,Jonquel Jones,Secondary Scorer,LV,9.1,8.5,7,OVER,-2.1,,,REB,LEAN,Miss,,
7/30/2026,Kamilla Cardoso,Engine,CON,7,8.5,6,UNDER,-1,,,REB,LEAN,Hit,,
7/30/2026,Kamilla Cardoso,Engine,CON,2.7,2.5,1,OVER,-1.7,,,AST,LEAN,Miss,,
7/30/2026,Marina Mabrey,Engine,MIN,3.2,3.5,4,UNDER,0.8,,,AST,LEAN,Miss,,
7/30/2026,Natasha Cloud,Specialist,CON,0.8,1.5,0,UNDER,-0.8,,,FG3M,LEAN,Hit,,
7/30/2026,Olivia Nelson-Ododa,Rebounding/Defense,CHI,2.1,2.5,1,UNDER,-1.1,,,AST,LEAN,Hit,,
7/30/2026,Sabrina Ionescu,Secondary Scorer,LV,6.1,5.5,5,OVER,-1.1,,,AST,LEAN,Miss,,
7/31/2026,Allisha Gray,Secondary Scorer,SEA,3,3.5,3,UNDER,0,,,REB,LOCK,Hit,,
7/31/2026,Bridget Carleton,Specialist,IND,14.2,12.5,26,OVER,11.8,,,PTS,LOCK,Hit,,
7/31/2026,Caitlin Clark,Engine,POR,7.1,8.5,10,UNDER,2.9,,,AST,LOCK,Miss,,
7/31/2026,Rhyne Howard,Secondary Scorer,SEA,3.7,4.5,2,UNDER,-1.7,,,REB,LOCK,Hit,,
7/31/2026,Aliyah Boston,Secondary Scorer,POR,1.3,1.5,0,UNDER,-1.3,,,FG3M,STRONG,Hit,,
7/31/2026,Allisha Gray,Secondary Scorer,SEA,1.8,1.5,1,OVER,-0.8,,,FG3M,STRONG,Miss,,
7/31/2026,Awa Fam,Connector,ATL,2.5,1.5,1,OVER,-1.5,,,FG3M,STRONG,Miss,,
7/31/2026,Azzi Fudd,Specialist,WAS,1.1,2.5,2,UNDER,0.9,,,FG3M,STRONG,Hit,,
7/31/2026,Caitlin Clark,Engine,POR,1.6,2.5,2,UNDER,0.4,,,FG3M,STRONG,Hit,,
7/31/2026,Carla Leite,Connector,IND,15.7,14.5,20,OVER,4.3,,,PTS,STRONG,Hit,,
7/31/2026,Jordin Canada,Creator,SEA,3.2,3.5,4,UNDER,0.8,,,REB,STRONG,Miss,,
7/31/2026,Jordin Canada,Creator,SEA,0.8,0.5,0,OVER,-0.8,,,FG3M,STRONG,Miss,,
7/31/2026,Kelsey Mitchell,Secondary Scorer,POR,2.9,2.5,4,OVER,1.1,,,FG3M,STRONG,Hit,,
7/31/2026,Paige Bueckers,Engine,WAS,1.7,1.5,2,OVER,0.3,,,FG3M,STRONG,Hit,,
7/31/2026,Rhyne Howard,Secondary Scorer,SEA,4.3,2.5,3,OVER,-1.3,,,FG3M,STRONG,Hit,,
7/31/2026,Aliyah Boston,Secondary Scorer,POR,9.2,8.5,9,OVER,-0.2,,,REB,LEAN,Hit,,
7/31/2026,Angel Reese,Engine,SEA,2.3,2.5,2,UNDER,-0.3,,,AST,LEAN,Hit,,
7/31/2026,Arike Ogunbowale,Secondary Scorer,WAS,2.1,2.5,2,UNDER,-0.1,,,REB,LEAN,Hit,,
7/31/2026,Arike Ogunbowale,Secondary Scorer,WAS,2.4,3.5,2,UNDER,-0.4,,,AST,LEAN,Hit,,
7/31/2026,Arike Ogunbowale,Secondary Scorer,WAS,1.4,1.5,3,UNDER,1.6,,,FG3M,LEAN,Miss,,
7/31/2026,Awa Fam,Connector,ATL,13,11.5,8,OVER,-5,,,PTS,LEAN,Miss,,
7/31/2026,Awa Fam,Connector,ATL,4.4,5.5,9,UNDER,4.6,,,REB,LEAN,Miss,,
7/31/2026,Caitlin Clark,Engine,POR,3.7,3.5,10,OVER,6.3,,,REB,LEAN,Hit,,
7/31/2026,Carla Leite,Creator,IND,2.2,2.5,2,UNDER,-0.2,,,REB,LEAN,Hit,,
7/31/2026,Flau'jae Johnson,Specialist,ATL,2.9,2.5,3,OVER,0.1,,,AST,LEAN,Hit,,
7/31/2026,Jessica Shepard,Rebounding/Defense,WAS,14.9,13.5,8,OVER,-6.9,,,PTS,LEAN,Miss,,
7/31/2026,Jessica Shepard,Rebounding/Defense,WAS,4.9,5.5,8,UNDER,3.1,,,AST,LEAN,Miss,,
7/31/2026,Natisha Hiedeman,Creator,ATL,17.1,15.5,23,OVER,5.9,,,PTS,LEAN,Hit,,
7/31/2026,Shakira Austin,Secondary Scorer,DAL,8.8,9.5,10,UNDER,1.2,,,REB,LEAN,Miss,,
7/31/2026,Sonia Citron,Engine,DAL,1,1.5,0,UNDER,-1,,,FG3M,LEAN,Hit,,